t,ResidualInf,NewtonSteps,GridL2Indicator,FDH1Indicator,FDH2Indicator,JacobianSigmaMin,JacobianCond,HessianLambdaMin,HessianLambdaMax,HessianPSDRatio,HessianIndefRatio
1,0,0,0.00579627938873472,0.0321448479017844,0.280536525527583,0.000162283882184732,2381.89052464571,0.0029548866181075,2.61810575265003,1,0
0.1,6.24500451351651e-17,4,1.62245664918706e-05,7.27951535729839e-05,0.000331891466874941,0.805641872783066,62.8966173870706,0.249938434789038,2.0224241031223,1,0
0.001,3.33066907387547e-16,2,1.45733917538055e-07,6.53928143107698e-07,2.98035839126842e-06,0.894293700535386,62.8944714742541,0.250002007215428,2.02243249641202,1,0
1e-05,2.22044604925031e-16,2,1.48578875912586e-09,6.75011609262847e-09,5.48296169866176e-08,0.895180218661167,62.8944522260416,0.250001423025708,2.02243257187719,1,0
1e-07,2.22044604925031e-16,1,5.07208409312109e-11,8.77939325819146e-10,4.67159384800226e-08,0.895189083842412,62.8944520337577,0.250001417189922,2.02243257263108,1,0
1e-09,1.52655665885959e-16,1,3.86664594836894e-11,8.63175569695579e-10,4.67217345670107e-08,0.895189172494224,62.8944520318349,0.250001417131566,2.02243257263862,1,0
1e-11,2.22044604925031e-16,1,3.85540879595203e-11,8.63051007874246e-10,4.672178008622e-08,0.895189173380746,62.8944520318153,0.250001417130987,2.0224325726387,1,0
