N,TargetP,TargetT,Q,EvalPoints,Success,ReachedTEnd,FinalT,FinalResidualInf,FinalGridL2,FinalFDH1,FinalFDH2,FinalJacobianCond,FinalPSDRatio,FinalIndefRatio,FailureReason
4,5,1e-05,24,121,1,1,1e-05,6.13731288012787e-13,7.25437980774905e-05,0.000646181384963363,0.00891606421884852,6.93460719532556,1,0,
6,7,1e-07,24,121,1,1,1e-07,1.25008510487579e-16,7.47945000200297e-07,1.00290510405206e-05,0.000242532683915772,17.1842785663499,1,0,
