t,ResidualInf,NewtonSteps,GridL2Indicator,FDH1Indicator,FDH2Indicator,JacobianSigmaMin,JacobianCond,HessianLambdaMin,HessianLambdaMax,HessianPSDRatio,HessianIndefRatio
1,0,0,0.00579627914011032,0.0321450866783605,0.281149979956344,1.21256376654277e-06,318781.124714489,-0.390991909270065,3.01193853638814,0.995541838134431,0.00445816186556927
0.1,2.22044604925031e-16,4,1.62245365773932e-05,7.27949875135208e-05,0.000331893157622362,0.147712663225318,913.532914459949,0.249934379876338,2.0354054482031,1,0
0.001,2.3787395664332e-16,2,1.45703999884644e-07,6.53762567623063e-07,2.98104367435814e-06,0.163962639753633,913.507918188044,0.249999588800102,2.03540715712655,1,0
1e-05,3.60822483003176e-16,2,1.45567658896131e-09,6.53175386638015e-09,2.97687777159308e-08,0.164125139466592,913.507693934471,0.250000065041322,2.03540717249185,1,0
1e-07,4.44089209850063e-16,1,1.46777458905578e-11,6.6412269291773e-11,7.91389363493226e-10,0.164126764463719,913.507691694233,0.250000059209874,2.03540717264535,1,0
1e-09,1.92445885616177e-16,1,2.96779323301617e-13,6.61509354621696e-12,7.4156686615091e-10,0.164126780713688,913.507691671842,0.250000059151553,2.03540717264688,1,0
1e-11,4.44089209850063e-16,1,1.78355106924501e-13,6.50483911188753e-12,7.41629388513776e-10,0.164126780876187,913.507691671621,0.250000059150955,2.0354071726469,1,0
1e-13,2.22044604925031e-16,1,1.77383324391306e-13,6.50397106286064e-12,7.41605866925633e-10,0.164126780877814,913.507691671607,0.250000059150964,2.0354071726469,1,0
1e-27,3.33066907387547e-16,0,1.77383324391306e-13,6.50397106286064e-12,7.41605866925633e-10,0.164126780877831,913.507691671608,0.250000059150964,2.0354071726469,1,0
