t,ResidualInf,NewtonSteps,GridL2Indicator,FDH1Indicator,FDH2Indicator,JacobianSigmaMin,JacobianCond,HessianLambdaMin,HessianLambdaMax,HessianPSDRatio,HessianIndefRatio
1,0,0,0.00579627914077981,0.0321450853323612,0.281118024944331,8.66125669047738e-06,44628.9095335929,-0.232782157930052,2.84996945983954,0.99584487534626,0.00415512465373961
0.1,4.44089209850063e-16,4,1.62245364467574e-05,7.2794986593423e-05,0.00033189318907839,0.28993166038092,317.989629240796,0.249934919742368,2.03209415769395,1,0
0.001,2.22044604925031e-16,2,1.45703869221789e-07,6.53761646111073e-07,2.98107449918054e-06,0.321828073274578,317.980027716835,0.250000122893273,2.03209755608538,1,0
1e-05,4.16333634234434e-16,2,1.45554588982125e-09,6.53082986687398e-09,2.97936176965347e-08,0.322147037308224,317.979941586379,0.250000243574925,2.03209758664061,1,0
1e-07,2.22044604925031e-16,1,1.45465141237218e-11,6.52583483642212e-11,5.33923296353116e-10,0.322150226948555,317.979940725958,0.250000237743144,2.03209758694586,1,0
1e-09,3.33066907387547e-16,1,1.39691944754492e-13,3.31695988331707e-12,4.36434160318461e-10,0.322150258844953,317.979940717358,0.250000237684796,2.03209758694891,1,0
1e-11,2.22044604925031e-16,1,3.00827517719784e-14,3.27825018587115e-12,4.36331858530811e-10,0.322150259163917,317.979940717273,0.250000237684221,2.03209758694894,1,0
1e-13,1.38777878078145e-16,1,3.04790636084994e-14,3.27843492423326e-12,4.36311114163172e-10,0.32215025916711,317.979940717269,0.250000237684226,2.03209758694894,1,0
1e-19,1.2490009027033e-16,0,3.04790636084994e-14,3.27843492423326e-12,4.36311114163172e-10,0.322150259167142,317.979940717269,0.250000237684226,2.03209758694894,1,0
