t,ResidualInf,NewtonSteps,GridL2Indicator,FDH1Indicator,FDH2Indicator,JacobianSigmaMin,JacobianCond,HessianLambdaMin,HessianLambdaMax,HessianPSDRatio,HessianIndefRatio
1,0,0,0.00962289773143468,0.049267550223105,0.409636956165223,1.87290029541892e-06,206387.089708949,-0.109861811432696,0.56167804141401,0.795138888888889,0.204861111111111
0.995,5.87878196531456e-13,12,0.0103123555164162,0.0609942940869415,0.942731632867335,0.000174403079039271,2128.22885324514,-7.89330820170539,6.36159273159504,0.767361111111111,0.222222222222222
0.98975,7.69112216717014e-11,8,0.0111272380603875,0.0645949024107629,0.886886234522688,6.85123810025204e-05,5245.85862148472,-5.75775069985161,3.28808702302852,0.807291666666667,0.171875
0.98699375,1.72961128716055e-14,8,0.0116037059857482,0.0694793046351664,0.999495542637249,0.000677039126384126,682.216973550906,-5.4911131542089,2.52688166778619,0.769097222222222,0.199652777777778
0.986270234375,2.65666801708628e-16,4,0.0117320977004513,0.0709019346241828,1.01630662045617,0.00111822231104209,436.966931604989,-6.79126688725853,2.62952404379381,0.763888888888889,0.204861111111111
0.985890388671875,9.85388957880867e-11,3,0.0117987375530968,0.0716378900506224,1.02622785021955,0.000645850422436782,778.459936997158,-7.3933525134145,2.83879341925157,0.763888888888889,0.208333333333333
