t,ResidualInf,NewtonSteps,GridL2Indicator,FDH1Indicator,FDH2Indicator,JacobianSigmaMin,JacobianCond,HessianLambdaMin,HessianLambdaMax,HessianPSDRatio,HessianIndefRatio
1,0,0,0.000228572664134741,0.00148311422195829,0.0185540843969467,3.86765702932243e-07,999422.747042953,0.228290210247455,0.412862031922411,1,0
0.1,1.74158103303373e-11,2,1.06613967850723e-06,4.87318289974403e-06,2.35364541187367e-05,0.0991560727468036,783.798168642064,0.24999623893577,0.399810403199081,1,0
0.001,3.09429148970253e-11,1,9.56064206428299e-09,4.37078361250858e-08,2.11209665239176e-07,0.110063336909919,783.801252503662,0.249999967408956,0.399804015645402,1,0
1e-05,2.83106871279415e-15,1,9.54766543832098e-11,4.36543438985244e-10,2.11590976257854e-09,0.110172409614722,783.80128006543,0.249999999688663,0.39980396042699,1,0
1e-07,3.88578058618805e-16,1,9.74705764630791e-13,4.63144170787816e-12,1.49509732379492e-10,0.110173500341714,783.801280341586,0.249999999906177,0.399803959872367,1,0
1e-09,6.05643313278392e-12,0,9.74705764630791e-13,4.63144170787816e-12,1.49509732379492e-10,0.110173511248936,783.801280349929,0.249999999906177,0.399803959872367,1,0
1e-11,6.11699579877722e-12,0,9.74705764630791e-13,4.63144170787816e-12,1.49509732379492e-10,0.110173511358008,783.801280350014,0.249999999906177,0.399803959872367,1,0
1e-13,6.11760642144077e-12,0,9.74705764630791e-13,4.63144170787816e-12,1.49509732379492e-10,0.110173511359098,783.801280350015,0.249999999906177,0.399803959872367,1,0
1e-33,6.11760642144077e-12,0,9.74705764630791e-13,4.63144170787816e-12,1.49509732379492e-10,0.11017351135911,783.80128035001,0.249999999906177,0.399803959872367,1,0
