t,ResidualInf,NewtonSteps,GridL2Indicator,FDH1Indicator,FDH2Indicator,JacobianSigmaMin,JacobianCond,HessianLambdaMin,HessianLambdaMax,HessianPSDRatio,HessianIndefRatio
1,0,0,0.000210209221569438,0.00134946098466966,0.0144889107489067,0.00702470023636448,54.9798326135908,0.24162273888139,0.396260601313442,1,0
0.1,1.46111610224015e-11,2,2.40554031661202e-05,0.000195656891610067,0.00231850778046901,2.72163453113568,4.23665191060081,0.244090241069908,0.395811965304164,1,0
0.001,3.06474290390213e-11,1,2.32316109304227e-05,0.000193071063900113,0.00230798566261803,3.02196148145346,4.23830629362494,0.244094329035572,0.395805570976623,1,0
1e-05,2.55351295663786e-15,1,2.32243153919062e-05,0.000193048281994011,0.00230789215057319,3.02496474921041,4.23832120467311,0.244094365615978,0.395805513740197,1,0
