N,TargetP,TargetT,Q,EvalPoints,Success,ReachedTEnd,FinalT,FinalResidualInf,FinalGridL2,FinalFDH1,FinalFDH2,FinalJacobianCond,FinalPSDRatio,FinalIndefRatio,FailureReason
20,21,1e-21,42,121,1,1,1e-21,3.33066907387547e-16,1.21539843110063e-13,3.67057562072611e-12,3.12088226022488e-10,429.180897163774,1,0,
22,23,1e-23,46,133,1,1,1e-23,2.22044604925031e-16,1.07967975776259e-13,3.5965249948742e-12,3.24352060083189e-10,563.959817374497,1,0,
24,25,1e-25,50,145,1,1,1e-25,1.2490009027033e-16,4.60506991904413e-14,2.37091176818082e-12,2.40200588627134e-10,724.629657268796,1,0,
