t,ResidualInf,NewtonSteps,GridL2Indicator,FDH1Indicator,FDH2Indicator,JacobianSigmaMin,JacobianCond,HessianLambdaMin,HessianLambdaMax,HessianPSDRatio,HessianIndefRatio
1,0,0,0.00579627914032084,0.0321450864935866,0.281135708314204,4.9733975654018e-06,77722.0071798769,-0.27768995651978,2.89616579174088,0.99546485260771,0.00453514739229025
0.1,2.22044604925031e-16,4,1.62245365315248e-05,7.27949871836011e-05,0.000331893166119536,0.239527035028027,429.193656361675,0.24993468727727,2.03327894467602,1,0
0.001,4.44089209850063e-16,2,1.45703954033218e-07,6.53762237500891e-07,2.98105171588165e-06,0.265877966182777,429.18101174154,0.249999891707005,2.0332817407194,1,0
1e-05,3.33066907387547e-16,2,1.45563072860783e-09,6.53142180651523e-09,2.97710704176216e-08,0.266141475413326,429.180898308383,0.250000165947545,2.03328176585897,1,0
1e-07,2.22044604925031e-16,1,1.46316154055274e-11,6.58920907388516e-11,5.34484154682978e-10,0.266144110505625,429.180897175218,0.250000160115908,2.03328176611011,1,0
1e-09,4.44089209850063e-16,1,2.41037049976312e-13,4.19955566462854e-12,4.52193164411405e-10,0.266144136856547,429.180897163888,0.250000160057575,2.03328176611262,1,0
1e-11,1.94289029309402e-16,1,1.22587322788495e-13,4.07640973779416e-12,4.52272121350743e-10,0.266144137120056,429.180897163774,0.250000160057006,2.03328176611264,1,0
1e-13,4.44089209850063e-16,1,1.21676147958958e-13,4.07562273073067e-12,4.52260324245267e-10,0.266144137122691,429.180897163773,0.250000160056995,2.03328176611264,1,0
1e-21,3.33066907387547e-16,0,1.21676147958958e-13,4.07562273073067e-12,4.52260324245267e-10,0.266144137122717,429.180897163774,0.250000160056995,2.03328176611264,1,0
