t,ResidualInf,NewtonSteps,GridL2Indicator,FDH1Indicator,FDH2Indicator,JacobianSigmaMin,JacobianCond,HessianLambdaMin,HessianLambdaMax,HessianPSDRatio,HessianIndefRatio
1,0,0,0.00579627914000179,0.0321450865984713,0.281150341122698,8.08368478734583e-07,478176.044038275,-0.42333215611407,3.0448245006897,0.995541022592152,0.0044589774078478
0.1,4.71844785465692e-16,4,1.62245366562442e-05,7.27949881125284e-05,0.000331893137087966,0.128631821070313,1132.94551371622,0.249934334295588,2.03584163591948,1,0
0.001,2.4980018054066e-16,2,1.45704078753433e-07,6.53763167194158e-07,2.98102350492815e-06,0.142782668956251,1132.91524001433,0.249999544670136,2.03584312079414,1,0
1e-05,4.44089209850063e-16,2,1.45575545329543e-09,6.5323617819969e-09,2.97834995057059e-08,0.142924177389117,1132.91496841162,0.250000050366135,2.03584313414501,1,0
1e-07,2.22044604925031e-16,1,1.47576988513938e-11,6.78304524481824e-11,1.64713332309911e-09,0.142925592473443,1132.91496569837,0.250000044534728,2.03584313427839,1,0
1e-09,3.33066907387547e-16,1,4.09089411911563e-13,1.25139106601039e-11,1.62750784546802e-09,0.142925606624286,1132.91496567124,0.250000044476411,2.03584313427972,1,0
1e-11,2.22044604925031e-16,1,2.9719639856178e-13,1.24247405990184e-11,1.62756627884677e-09,0.142925606765794,1132.91496567098,0.250000044475812,2.03584313427973,1,0
1e-13,3.46944695195361e-16,1,2.9622805256614e-13,1.24239785857807e-11,1.62755425790675e-09,0.14292560676721,1132.91496567096,0.250000044475825,2.03584313427973,1,0
1e-29,3.60822483003176e-16,0,2.9622805256614e-13,1.24239785857807e-11,1.62755425790675e-09,0.142925606767225,1132.91496567096,0.250000044475825,2.03584313427973,1,0
