t,ResidualInf,NewtonSteps,GridL2Indicator,FDH1Indicator,FDH2Indicator,JacobianSigmaMin,JacobianCond,HessianLambdaMin,HessianLambdaMax,HessianPSDRatio,HessianIndefRatio
1,0,0,0.00579627918008584,0.0321450230671471,0.280866990285893,6.76427114401531e-05,5714.47289821501,-0.0638965108831941,2.67376150959454,0.998520710059172,0.0014792899408284
0.1,2.22044604925031e-16,4,1.6224536663071e-05,7.27949880354646e-05,0.000331893087972989,0.592067440262547,102.799906124691,0.249937376954793,2.02477893824806,1,0
0.001,1.66533453693773e-16,2,1.45704085561905e-07,6.53762982214468e-07,2.98105192876946e-06,0.657209956742655,102.796559245029,0.250001647569565,2.02478601258512,1,0
1e-05,1.11022302462516e-16,2,1.45576223841019e-09,6.53216760409797e-09,2.97721913208297e-08,0.657861381756047,102.796529226171,0.250001063597473,2.02478607619015,1,0
1e-07,1.57859836313889e-16,1,1.47637537283814e-11,6.6847835271468e-11,5.4650663940712e-10,0.657867896006173,102.796528926291,0.250001057763877,2.02478607682556,1,0
1e-09,5.55111512312578e-16,1,3.88946372338232e-13,6.95124352626443e-12,4.65748205172874e-10,0.657867961148674,102.796528923292,0.250001057705532,2.02478607683191,1,0
1e-11,2.22044604925031e-16,1,2.65119870503624e-13,6.80731613673115e-12,4.65836024416778e-10,0.657867961800097,102.796528923263,0.250001057704947,2.02478607683197,1,0
1e-13,1.11022302462516e-16,1,2.63999672041142e-13,6.80621873100753e-12,4.65840572027525e-10,0.657867961806612,102.796528923262,0.250001057704939,2.02478607683198,1,0
