t,ResidualInf,NewtonSteps,GridL2Indicator,FDH1Indicator,FDH2Indicator,JacobianSigmaMin,JacobianCond,HessianLambdaMin,HessianLambdaMax,HessianPSDRatio,HessianIndefRatio
1,0,0,0.00574085075384123,0.0316587889112376,0.257466723761559,0.00702470023636448,54.9798326135908,0.238963743536647,2.32898909467266,1,0
0.1,2.22044604925031e-16,4,8.51735770880625e-05,0.000669418714219509,0.00907089859428173,3.19123823983876,6.93565889039217,0.239519588466962,1.99325370127255,1,0
0.001,3.33066907387547e-16,2,7.26498375118097e-05,0.000637461308563737,0.00902509138196243,3.54362125908017,6.93461656766132,0.239585390727879,1.99327967005847,1,0
1e-05,1.66533453693773e-16,2,7.25438233703503e-05,0.000637204245972501,0.00902473230529217,3.54714508939629,6.93460719531839,0.239585980266412,1.9932799036737,1,0
