t,ResidualInf,NewtonSteps,GridL2Indicator,FDH1Indicator,FDH2Indicator,JacobianSigmaMin,JacobianCond,HessianLambdaMin,HessianLambdaMax,HessianPSDRatio,HessianIndefRatio
1,0,0,0.00579574238586577,0.0321337937987581,0.276756657692752,0.00153153333167688,252.38808853063,0.181980054152859,2.48432891509812,1,0
0.1,1.11022302462516e-16,4,1.68019691511962e-05,7.6161063845595e-05,0.0004158243379026,1.8071498481869,17.1852519289675,0.249570263790799,2.0215212960416,1,0
0.001,3.33066907387547e-16,2,8.64224263337019e-07,1.00364443317144e-05,0.000250095390937631,2.00620974775933,17.184287316619,0.249635542274208,2.02153296091886,1,0
1e-05,1.33248446998468e-16,2,7.49046872904516e-07,9.83382980986375e-06,0.000250072537501604,2.00820034709833,17.1842786528989,0.249636126903783,2.02153306584031,1,0
1e-07,2.22044604925031e-16,1,7.4794715271984e-07,9.83199962517871e-06,0.00025007248480052,2.00822025309176,17.1842785663499,0.249636132743972,2.02153306688846,1,0
