t,ResidualInf,NewtonSteps,GridL2Indicator,FDH1Indicator,FDH2Indicator,JacobianSigmaMin,JacobianCond,HessianLambdaMin,HessianLambdaMax,HessianPSDRatio,HessianIndefRatio
1,0,0,0.0057962772878209,0.0321439832201203,0.2796775742299,0.000450548171920184,857.938086878086,0.0797806071823566,2.56614443567832,1,0
0.1,2.22044604925031e-16,4,1.62291376701487e-05,7.28188903299207e-05,0.000331832828652502,1.1590439583484,35.1086090544927,0.249931164145019,2.02240707066203,1,0
0.001,2.44249065417534e-15,2,1.50352372030803e-07,6.85325767593332e-07,5.03845900205769e-06,1.28661902717367,35.1072551026777,0.249996427240607,2.02241618349271,1,0
1e-05,8.88178419700125e-16,2,7.14050702480936e-09,1.07159855286232e-07,4.11908202109676e-06,1.28789477779606,35.1072429537635,0.249997011682506,2.02241626543412,1,0
1e-07,1.99840144432528e-15,1,5.96729318407722e-09,1.055113299099e-07,4.11953975598082e-06,1.28790753530228,35.1072428323992,0.249997017520823,2.02241626625271,1,0
1e-09,9.99200722162641e-16,1,5.95615488167314e-09,1.05496716070999e-07,4.11954538175794e-06,1.28790766287734,35.1072428311856,0.249997017579204,2.02241626626089,1,0
