t,ResidualInf,NewtonSteps,GridL2Indicator,FDH1Indicator,FDH2Indicator,JacobianSigmaMin,JacobianCond,HessianLambdaMin,HessianLambdaMax,HessianPSDRatio,HessianIndefRatio
1,0,0,0.00579627914788997,0.03214506826673,0.281012985071047,3.14728340393747e-05,12281.7805604335,-0.127292081833207,2.74046672262791,0.996666666666667,0.00333333333333333
0.1,1.12323345069498e-16,4,1.62245364561436e-05,7.27949867476207e-05,0.000331893169236143,0.453273193554263,157.091170304727,0.249936016803994,2.02818155259054,1,0
0.001,4.44089209850063e-16,2,1.45703878609276e-07,6.53761784775377e-07,2.98106476537398e-06,0.503141864532248,157.086194324336,0.250001192927238,2.02818692548996,1,0
1e-05,5.55111512312578e-16,2,1.45555527493751e-09,6.5309675869647e-09,2.97808150899727e-08,0.50364055110935,157.086149692029,0.250000609057664,2.02818697379772,1,0
1e-07,1.02348685082632e-16,1,1.45558405982515e-11,6.53155720391113e-11,2.99118910999372e-10,0.503645537975108,157.086149246166,0.250000603225075,2.02818697428031,1,0
1e-09,1.94289029309402e-16,1,1.46989236459304e-13,7.63289262020412e-13,2.26775764169935e-11,0.503645587843764,157.086149241708,0.250000603166744,2.02818697428513,1,0
1e-11,2.22044604925031e-16,1,1.72906305543354e-14,3.86039217442015e-13,2.2407258084679e-11,0.503645588342453,157.086149241663,0.250000603166164,2.02818697428518,1,0
1e-13,1.11022302462516e-16,1,1.71967901368915e-14,3.85961669413049e-13,2.24105505518918e-11,0.503645588347441,157.086149241662,0.250000603166165,2.02818697428518,1,0
1e-15,1.38777878078145e-16,0,1.71967901368915e-14,3.85961669413049e-13,2.24105505518918e-11,0.503645588347489,157.086149241663,0.250000603166165,2.02818697428518,1,0
