N,TargetP,TargetT,Q,EvalPoints,Success,ReachedTEnd,FinalT,FinalResidualInf,FinalGridL2,FinalFDH1,FinalFDH2,FinalContL2,FinalContH1,CPUSeconds,FinalJacobianCond,FinalPSDRatio,FinalIndefRatio,FailureReason
2,3,0.001,24,121,1,1,0.001,1.94289029309402e-16,0.00473570735062909,0.0232123536417553,0.142000742252441,0.00473570744580763,0.02278815677934,14.6426992,2.43583885944399,1,0,
4,5,1e-05,24,121,1,1,1e-05,1.66533453693773e-16,7.25437980396968e-05,0.00064618138498208,0.00891606422049208,7.25438279335061e-05,0.000619411016136331,5.9069933,6.93460719531839,1,0,
