t,ResidualInf,NewtonSteps,GridL2Indicator,FDH1Indicator,FDH2Indicator,JacobianSigmaMin,JacobianCond,HessianLambdaMin,HessianLambdaMax,HessianPSDRatio,HessianIndefRatio
1,0,0,1.88770312721826e-06,1.13686412005875e-05,0.000113020667042373,4.9733975654018e-06,77722.0071798769,0.00988634947189799,0.0122331827885617,1,0
0.1,1.03936977737852e-16,2,2.51839031190713e-07,1.14568312682026e-06,5.3947105087155e-06,0.00938940873168186,216.842672944174,0.0100004675268444,0.0122131639439588,1,0
0.001,1.52465930505774e-19,2,1.98422393778134e-09,9.05697596733172e-09,4.31832318763244e-08,0.0104229210606951,216.982058777742,0.0100015918113478,0.0122120816944884,1,0
1e-05,1.05926552251834e-16,1,1.98133731656778e-11,9.04733743390049e-11,4.34869921806428e-10,0.0104332561368237,216.983328252908,0.0100016005055172,0.0122120732687421,1,0
1e-07,3.25260651745651e-19,1,2.11439246683545e-13,1.16619792133237e-12,5.26638286735709e-11,0.010433359487584,216.983340936099,0.0100016005041606,0.0122120731846877,1,0
1e-09,8.470329472543e-20,1,2.20417974699093e-14,6.19064201969489e-13,5.24272596495349e-11,0.0104333605210916,216.98334106293,0.0100016005032917,0.0122120731838469,1,0
1e-11,5.18031798013574e-16,0,2.20417974699093e-14,6.19064201969489e-13,5.24272596495349e-11,0.0104333605314264,216.983341064276,0.0100016005032917,0.0122120731838469,1,0
1e-13,5.23235968441504e-16,0,2.20417974699093e-14,6.19064201969489e-13,5.24272596495349e-11,0.0104333605315297,216.98334106429,0.0100016005032917,0.0122120731838469,1,0
1e-21,5.23235968441504e-16,0,2.20417974699093e-14,6.19064201969489e-13,5.24272596495349e-11,0.0104333605315307,216.98334106429,0.0100016005032917,0.0122120731838469,1,0
