t,ResidualInf,NewtonSteps,GridL2Indicator,FDH1Indicator,FDH2Indicator,JacobianSigmaMin,JacobianCond,HessianLambdaMin,HessianLambdaMax,HessianPSDRatio,HessianIndefRatio
1,0,0,0.00579627914207266,0.0321450813580295,0.281082997867551,1.59539089690847e-05,24228.6979345049,-0.183038736787446,2.79852929850703,0.996539792387543,0.00346020761245675
0.1,2.22044604925031e-16,4,1.6224536449467e-05,7.27949866729529e-05,0.000331893181580084,0.358056184938908,228.056137392073,0.249935313365506,2.03047529577019,1,0
0.001,3.33066907387547e-16,2,1.45703871958101e-07,6.53761723375924e-07,2.98106787662518e-06,0.397447932031717,228.049084049214,0.250000515755616,2.03047951370777,1,0
1e-05,2.4980018054066e-16,2,1.45554861992922e-09,6.53090635494054e-09,2.97840458173373e-08,0.397841849389978,228.049020780392,0.250000374406625,2.03047955163144,1,0
1e-07,1.38777878078145e-16,1,1.4549219034394e-11,6.52620862734818e-11,3.2154929972067e-10,0.39784578856355,228.049020148356,0.250000368574553,2.03047955201029,1,0
1e-09,3.33066907387547e-16,1,1.4002019449582e-13,1.22633165801186e-12,1.12472665218238e-10,0.397845827955288,228.049020142035,0.250000368516236,2.03047955201408,1,0
1e-11,2.22044604925031e-16,1,1.4377483658371e-14,1.07202947844269e-12,1.1232668336159e-10,0.397845828349206,228.049020141971,0.250000368515657,2.03047955201412,1,0
1e-13,1.11022302462516e-16,1,1.49090062300791e-14,1.07224479861028e-12,1.1232608315346e-10,0.397845828353142,228.049020141972,0.250000368515641,2.03047955201412,1,0
1e-17,2.22044604925031e-16,0,1.49090062300791e-14,1.07224479861028e-12,1.1232608315346e-10,0.397845828353183,228.049020141972,0.250000368515641,2.03047955201412,1,0
