t,ResidualInf,NewtonSteps,GridL2Indicator,FDH1Indicator,FDH2Indicator,JacobianSigmaMin,JacobianCond,HessianLambdaMin,HessianLambdaMax,HessianPSDRatio,HessianIndefRatio
1,0,0,0.00579627914030754,0.0321450867564971,0.281148418750197,1.87290029541882e-06,206387.08970896,-0.356219869695432,2.9765087758467,0.9964,0.0036
0.1,2.22044604925031e-16,4,1.62245364395565e-05,7.27949866719062e-05,0.000331893181342729,0.171371077177214,724.650157637937,0.249934442015237,2.03486171523688,1,0
0.001,4.44089209850063e-16,2,1.45703861962968e-07,6.53761724992571e-07,2.98106726966291e-06,0.190223792460529,724.629841372075,0.249999649438465,2.03486370291762,1,0
1e-05,6.66133814775094e-16,2,1.45553862932563e-09,6.53090839694656e-09,2.97848351831358e-08,0.190412319553351,724.629659107958,0.250000086541981,2.03486372078923,1,0
1e-07,3.03576608295941e-16,1,1.45393634736289e-11,6.53033678804006e-11,4.3235495716211e-10,0.190414204824276,724.629657287181,0.250000080710506,2.03486372096776,1,0
1e-09,1.66533453693773e-16,1,1.36432207105242e-13,2.57598315588048e-12,3.10777417569119e-10,0.190414223676982,724.629657268987,0.250000080652153,2.03486372096955,1,0
1e-11,1.70219741080224e-16,1,4.55777151376985e-14,2.50572177781589e-12,3.10721650911559e-10,0.19041422386551,724.629657268799,0.250000080651591,2.03486372096957,1,0
1e-13,2.22044604925031e-16,1,4.6066606805928e-14,2.50580173933109e-12,3.1072596097621e-10,0.190414223867395,724.6296572688,0.250000080651585,2.03486372096957,1,0
1e-25,1.2490009027033e-16,0,4.6066606805928e-14,2.50580173933109e-12,3.1072596097621e-10,0.190414223867415,724.629657268796,0.250000080651585,2.03486372096957,1,0
