N,TargetP,TargetT,Q,EvalPoints,Success,ReachedTEnd,FinalT,FinalResidualInf,FinalGridL2,FinalFDH1,FinalFDH2,FinalJacobianCond,FinalPSDRatio,FinalIndefRatio,FailureReason
4,5,1e-05,24,121,1,1,1e-05,6.13731288012787e-13,7.25437980774905e-05,0.000646181384963363,0.00891606421884852,6.93460719532556,1,0,
6,7,1e-07,24,121,1,1,1e-07,1.25008510487579e-16,7.47945000200297e-07,1.00290510405206e-05,0.000242532683915772,17.1842785663499,1,0,
8,9,1e-09,24,121,1,1,1e-09,7.7715611723761e-16,5.95607265888745e-09,1.07638247206066e-07,3.89121482340628e-06,35.1072428311855,1,0,
10,11,1e-11,24,121,1,1,1e-11,1.55864210427126e-12,3.86646284879092e-11,8.73720509574304e-10,4.26169661397684e-08,62.8944520318403,1,0,
12,13,1e-13,26,121,1,1,1e-13,1.57462931582586e-12,3.88890890655177e-13,6.94481729496483e-12,4.07659518524547e-10,102.796528923301,1,0,
