t,ResidualInf,NewtonSteps,GridL2Indicator,FDH1Indicator,FDH2Indicator,JacobianSigmaMin,JacobianCond,HessianLambdaMin,HessianLambdaMax,HessianPSDRatio,HessianIndefRatio
1,0,0,0.00579627914038622,0.0321450867634239,0.281144418985581,2.99233116434841e-06,129177.694598757,-0.31861979032659,2.93810275838662,0.996219281663516,0.00378071833648393
0.1,5.55111512312578e-16,4,1.62245363758965e-05,7.27949862338618e-05,0.000331893177141619,0.201195466969354,563.97617191618,0.249934542916045,2.03417198790938,1,0
0.001,3.33066907387547e-16,2,1.45703798294502e-07,6.53761287153748e-07,2.98106295949158e-06,0.223329297595558,563.95996424298,0.24999974881878,2.03417432839807,1,0
1e-05,1.38777878078145e-16,2,1.45547499363525e-09,6.53047132057619e-09,2.97817825533297e-08,0.223550635832406,563.959818841691,0.250000116762517,2.03417434944177,1,0
1e-07,1.38777878078145e-16,1,1.44757838060121e-11,6.4928802688544e-11,5.10037332098283e-10,0.223552849214768,563.959817389174,0.250000110930968,2.034174349652,1,0
1e-09,2.77555756156289e-16,1,9.80787203967143e-14,3.80679242683254e-12,4.15119652546972e-10,0.223552871348593,563.959817374646,0.250000110872666,2.0341743496541,1,0
1e-11,4.44089209850063e-16,1,1.06920594732477e-13,3.83417346096294e-12,4.15115478735307e-10,0.223552871569932,563.9598173745,0.250000110872085,2.03417434965412,1,0
1e-13,1.94289029309402e-16,1,1.08019745080067e-13,3.83505627256671e-12,4.15126904111438e-10,0.223552871572146,563.959817374495,0.250000110872091,2.03417434965412,1,0
1e-23,2.22044604925031e-16,0,1.08019745080067e-13,3.83505627256671e-12,4.15126904111438e-10,0.223552871572168,563.959817374497,0.250000110872091,2.03417434965412,1,0
